[
	{
		"pk": 1,
		"model": "estatebase.contactstate",
		"fields": {
			"name": "Доступен"
		}
	}, {
		"pk": 2,
		"model": "estatebase.contactstate",
		"fields": {
			"name": "Недоступен"
		}
	}, {
		"pk": 3,
		"model": "estatebase.contactstate",
		"fields": {
			"name": "Заблокирован"
		}
	}, {
		"pk": 4,
		"model": "estatebase.contactstate",
		"fields": {
			"name": "Нет ответа"
		}
	}, {
		"pk": 5,
		"model": "estatebase.contactstate",
		"fields": {
			"name": "Не проверен"
		}
	}, {
		"pk": 1,
		"model": "estatebase.contacttype",
		"fields": {
			"name": "Телефон"
		}
	}, {

		"pk": 2,
		"model": "estatebase.contacttype",
		"fields": {
			"name": "Email"
		}
	}, {

		"pk": 3,
		"model": "estatebase.contacttype",
		"fields": {
			"name": "Веб-сайт"
		}
	}, {
		"pk": 1,
		"model": "estatebase.clienttype",
		"fields": {
			"name": "Риелтор"
		}
	}, {
		"pk": 2,
		"model": "estatebase.clienttype",
		"fields": {
			"name": "Агенство"
		}
	}, {
		"pk": 3,
		"model": "estatebase.clienttype",
		"fields": {
			"name": "Частное лицо"
		}
	}, {
		"pk": 1,
		"model": "estatebase.origin",
		"fields": {
			"name": "avito"
		}
	}, {
		"pk": 2,
		"model": "estatebase.origin",
		"fields": {
			"name": "irr"
		}
	}, {
		"pk": 3,
		"model": "estatebase.origin",
		"fields": {
			"name": "krasnodar.life-realty"
		}
	}, {
		"pk": 4,
		"model": "estatebase.origin",
		"fields": {
			"name": "olx"
		}
	}, {
		"pk": 5,
		"model": "estatebase.origin",
		"fields": {
			"name": "rosrealt"
		}
	}, {
		"pk": 6,
		"model": "estatebase.origin",
		"fields": {
			"name": "slando"
		}
	}, {
		"pk": 7,
		"model": "estatebase.origin",
		"fields": {
			"name": "ваша удача"
		}
	}, {
		"pk": 8,
		"model": "estatebase.origin",
		"fields": {
			"name": "все для вас"
		}
	}, {
		"pk": 9,
		"model": "estatebase.origin",
		"fields": {
			"name": "из рук в руки"
		}
	}, {
		"pk": 10,
		"model": "estatebase.origin",
		"fields": {
			"name": "интернет"
		}
	}, {
		"pk": 11,
		"model": "estatebase.origin",
		"fields": {
			"name": "орбита"
		}
	}, {
		"pk": 12,
		"model": "estatebase.origin",
		"fields": {
			"name": "прямое обращение"
		}
	}, {
		"pk": 13,
		"model": "estatebase.origin",
		"fields": {
			"name": "с легкой руки"
		}
	}, {
		"pk": 14,
		"model": "estatebase.origin",
		"fields": {
			"name": "сайт"
		}
	}, {
		"pk": 3,
		"model": "estatebase.estatetypecategory",
		"fields": {
			"order": 1,
			"name": "Квартира"
		}
	}, {
		"pk": 1,
		"model": "estatebase.estatetypecategory",
		"fields": {
			"order": 2,
			"name": "Земельный участок"
		}
	}, {
		"pk": 2,
		"model": "estatebase.estatetypecategory",
		"fields": {
			"order": 3,
			"name": "Гараж"
		}
	}, {
		"pk": 5,
		"model": "estatebase.estatetype",
		"fields": {
			"note": "Земельный участок для сельскохозяйственного производства",
			"object_type": "STEAD",
			"order": 1,
			"estate_type_category": 1,
			"name": "Сельскохозяйственный участок"
		}
	}, {
		"pk": 4,
		"model": "estatebase.estatetype",
		"fields": {
			"note": "Земельный участок для садоводства и огородничества",
			"object_type": "BIDG",
			"order": 2,
			"estate_type_category": 1,
			"name": "Дачный участок"
		}
	}, {
		"pk": 6,
		"model": "estatebase.estatetype",
		"fields": {
			"note": "Земельный участок для коммерческого использования",
			"object_type": "BIDG",
			"order": 3,
			"estate_type_category": 1,
			"name": "Коммерческий участок"
		}
	}, {
		"pk": 7,
		"model": "estatebase.estatetype",
		"fields": {
			"note": "Квартира с участком и таунхаус",
			"object_type": "BIDG",
			"order": 4,
			"estate_type_category": 1,
			"name": "Участок с квартирой"
		}
	}, {
		"pk": 8,
		"model": "estatebase.estatetype",
		"fields": {
			"note": "Участок с дачей",
			"object_type": "BIDG",
			"order": 5,
			"estate_type_category": 1,
			"name": "Дача"
		}
	}, {
		"pk": 9,
		"model": "estatebase.estatetype",
		"fields": {
			"note": "",
			"object_type": "BIDG",
			"order": 6,
			"estate_type_category": 1,
			"name": "Участок с фундаментом"
		}
	}, {
		"pk": 10,
		"model": "estatebase.estatetype",
		"fields": {
			"note": "",
			"object_type": "BIDG",
			"order": 7,
			"estate_type_category": 1,
			"name": "Участок с недостроем"
		}
	}, {
		"pk": 11,
		"model": "estatebase.estatetype",
		"fields": {
			"note": "",
			"object_type": "BIDG",
			"order": 8,
			"estate_type_category": 1,
			"name": "Участок с ветхим домом"
		}
	}, {
		"pk": 12,
		"model": "estatebase.estatetype",
		"fields": {
			"note": "",
			"object_type": "BIDG",
			"order": 9,
			"estate_type_category": 2,
			"name": "Гараж"
		}
	}, {
		"pk": 13,
		"model": "estatebase.estatetype",
		"fields": {
			"note": "",
			"object_type": "BIDG",
			"order": 10,
			"estate_type_category": 3,
			"name": "Новостройка"
		}
	}, {
		"pk": 14,
		"model": "estatebase.estatetype",
		"fields": {
			"note": "",
			"object_type": "BIDG",
			"order": 11,
			"estate_type_category": 3,
			"name": "Малосемейка"
		}
	}, {
		"pk": 15,
		"model": "estatebase.estatetype",
		"fields": {
			"note": "",
			"object_type": "BIDG",
			"order": 12,
			"estate_type_category": 3,
			"name": "Вторичка"
		}
	}, 	{
		"pk": 1,
		"model": "estatebase.estatestatus",
		"fields": {
			"name": "Вакантно"
		}
	}, {
		"pk": 2,
		"model": "estatebase.estatestatus",
		"fields": {
			"name": "Новый"
		}
	}, {
		"pk": 3,
		"model": "estatebase.estatestatus",
		"fields": {
			"name": "Продано"
		}
	}, {
		"pk": 4,
		"model": "estatebase.estatestatus",
		"fields": {
			"name": "Снят с продажи"
		}
	}
]
